status	site	path	destination	title	note
COVERED	content	/about-us/	/about	About Us	(static route exists)
COVERED	content	/about-vedic-astrology/	/knowledge/astrology	About Vedic Astrology	(static route exists)
COVERED	content	/blogs/	/blog	Blogs	(static route exists)
COVERED	content	/blue-sapphire/	/knowledge/gem-qualities/blue-sapphire	Blue Sapphire Qualities	(gem-qualities guide)
COVERED	content	/budh-shanti-yagya-by-beej-mantra/	/vedic-yagyas/budh-shanti-yagya-by-beej-mantra	Budh Shanti Yagya by Beej Mantra	(migrated yagya product)
COVERED	content	/budh-shanti-yagya/	/vedic-yagyas/budh-shanti-yagya	Budh Shanti Yagya	(migrated yagya product)
COVERED	content	/buy-online-blue-sapphire-gemstone/	/knowledge/gem-qualities/blue-sapphire	Blue Sapphire Gemstone Qualities Available in the market	(static route exists)
COVERED	content	/buy-online-catseye-gemstone/	/knowledge/gem-qualities/catseye	BUY ONLINE CATSEYE GEMSTONE	(static route exists)
COVERED	content	/buy-online-emerald-gemstone/	/knowledge/gem-qualities/emerald	Buy Online Emerald Gemstone	(static route exists)
COVERED	content	/buy-online-ruby-gemstone/	/knowledge/gem-qualities/ruby	Buy Online Ruby Gemstone	(static route exists)
COVERED	content	/buy-online-rudraksha/	/shop/rudraksha	Buy Online Rudraksha	(static route exists)
COVERED	content	/buy-online-yellow-sapphire-gemstone/	/knowledge/gem-qualities/yellow-sapphire	Buy online Yellow Sapphire Gemstone	(static route exists)
COVERED	content	/catseye-gemstone/	/knowledge/gem-qualities/catseye	Catseye Qualities	(gem-qualities guide)
COVERED	content	/chandra-shanti-yagya-2/	/vedic-yagyas/chandra-shanti-yagya	Chandra Shanti Yagya payment page	(yagya payment/variant -> migrated yagya)
COVERED	content	/chandra-shanti-yagya-with-beej-mantra/	/vedic-yagyas/chandra-shanti-yagya-with-beej-mantra	Chandra Shanti Yagya with Beej Mantra	(migrated yagya product)
COVERED	content	/chandra-shanti-yagya/	/vedic-yagyas/chandra-shanti-yagya	Chandra Shanti Yagya	(migrated yagya product)
COVERED	content	/contact-us/	/contact	contact us	(static route exists)
COVERED	content	/durga-saptashati-yagya-payments-page/	/vedic-yagyas/durga-saptashati-yagya	Durga Saptashati Yagya Payments Page	(yagya payment/variant -> migrated yagya)
COVERED	content	/durga-saptashati-yagya/	/vedic-yagyas/durga-saptashati-yagya	Durga Saptashati Yagya	(migrated yagya product)
COVERED	content	/eighteen-18-mukhi-rudraksha/	/knowledge/rudraksha/18-mukhi	EIGHTEEN (18) MUKHI RUDRAKSHA	(rudraksha mukhi guide)
COVERED	content	/emerald-gemstone/	/knowledge/gem-qualities/emerald	Emerald Qualities	(gem-qualities guide)
COVERED	content	/energized-gems/	/knowledge/energized-gems	Energized Gems	(static route exists)
COVERED	content	/events-and-seminars/	/events-and-seminars	Events and Seminars	(static route exists)
COVERED	content	/feedback/	/feedback	Feedback	(static route exists)
COVERED	content	/fifteen-15-mukhi-rudraksha/	/knowledge/rudraksha/15-mukhi	FIFTEEN (15) MUKHI RUDRAKSHA	(rudraksha mukhi guide)
COVERED	content	/gems-care/	/knowledge/gems-care	Care of Gemstones	(static route exists)
COVERED	content	/gems-recommendations/	/tools/recommendation	Online Gemstone Recommendations	(static route exists)
COVERED	content	/gemstone-recommendation-by-date-of-birth/	/tools/recommendation	Gemstone Recommendation By Date of Birth	(static route exists)
COVERED	content	/gemstone-recommendation-date-of-birth/	/tools/recommendation	Gemstone Recommendation Date of Birth	(static route exists)
COVERED	content	/gemstone-recommendation/	/tools/recommendation	Gemstone Recommendation	(static route exists)
COVERED	content	/gemstone-recommendations-pure-vedic-science/	/tools/recommendation	Gemstone Recommendations Pure Vedic Science	(static route exists)
COVERED	content	/guru-shanti-yagya-by-beej-mantra-payment-page/	/vedic-yagyas/guru-shanti-yagya-by-beej-mantra	Guru Shanti Yagya by beej mantra payment page	(yagya payment/variant -> migrated yagya)
COVERED	content	/guru-shanti-yagya-by-beej-mantra/	/vedic-yagyas/guru-shanti-yagya-by-beej-mantra	Guru Shanti Yagya by Beej Mantra	(migrated yagya product)
COVERED	content	/hessonite-qualites/	/knowledge/gem-qualities/hessonite	Hessonite/Gomed Gemstone Qualites	(gem-qualities guide)
COVERED	content	/hessonite-qualities/	/knowledge/gem-qualities/hessonite	Hessonite Qualities	(gem-qualities guide)
COVERED	content	/homenew/	/	HomeNew	(static route exists)
COVERED	content	/how-to-measure-your-finger-for-ring/	/tools/ring-size-guide	How to Measure Your Finger For Ring	(static route exists)
COVERED	content	/ketu-shanti-yagya-2/	/vedic-yagyas/ketu-shanti-yagya	Ketu Shanti Yagya	(yagya payment/variant -> migrated yagya)
COVERED	content	/ketu-shanti-yagya-beej-mantra/	/vedic-yagyas/ketu-shanti-yagya-beej-mantra	Ketu Shanti Yagya ( Beej Mantra)	(migrated yagya product)
COVERED	content	/ketu-shanti-yagya/	/vedic-yagyas/ketu-shanti-yagya	Ketu Shanti Yagya	(migrated yagya product)
COVERED	content	/know-your-vedic-gems/	/consultation	Book Consultation	(static route exists)
COVERED	content	/lab-certificate/	/lab-certificate	Certificates	(static route exists)
COVERED	content	/live-horoscope-analysis/	/consultation	Live Horoscope Analysis	(static route exists)
COVERED	content	/livepuja/	/vedic-yagyas-service	Live puja	(static route exists)
COVERED	content	/mahamritunjay-yagya-pooja-31000-jaap/	/vedic-yagyas/mahamritunjay-yagya-pooja-31000-jaap	MahaMritunjay Yagya/Pooja (31000 Jaap)	(migrated yagya product)
COVERED	content	/mahamritunjay-yagya-pooja-51000-jaap/	/vedic-yagyas/mahamritunjay-yagya-pooja-51000-jaap	MahaMritunjay Yagya/Pooja (51000 Jaap)	(migrated yagya product)
COVERED	content	/mahamritunjay-yagya-pooja/	/vedic-yagyas/mahamritunjay-yagya-pooja	MahaMritunjay Yagya/Pooja	(migrated yagya product)
COVERED	content	/mahamritunjay-yagya-pooja11000-jaap/	/vedic-yagyas/mahamritunjay-yagya-pooja11000-jaap	MahaMritunjay Yagya/Pooja(11000 Jaap)	(migrated yagya product)
COVERED	content	/mangal-shanti-yagya-2/	/vedic-yagyas/mangal-shanti-yagya	Mangal Shanti Yagya Payment page	(yagya payment/variant -> migrated yagya)
COVERED	content	/mangal-shanti-yagya-beej-mantra-payment-page/	/vedic-yagyas/mangal-shanti-yagya-beej-mantra	Mangal Shanti Yagya (Beej Mantra) Payment page	(yagya payment/variant -> migrated yagya)
COVERED	content	/mangal-shanti-yagya-beej-mantra/	/vedic-yagyas/mangal-shanti-yagya-beej-mantra	Mangal Shanti Yagya (Beej Mantra)	(migrated yagya product)
COVERED	content	/mangal-shanti-yagya/	/vedic-yagyas/mangal-shanti-yagya	Mangal Shanti Yagya	(migrated yagya product)
COVERED	content	/meaning-benefits-and-how-to-wear-a-2-mukhi-rudraksha/	/knowledge/rudraksha/2-mukhi	Meaning, Benefits, and How to Wear a 2 Mukhi Rudraksha	(rudraksha mukhi guide)
COVERED	content	/new-home/	/	New Home	(static route exists)
COVERED	content	/nine-vedic-gems/	/knowledge/gemstones	Nine Vedic Gems As Per Vedic Astrology	(static route exists)
COVERED	content	/nineteen-19-mukhi-rudraksha/	/knowledge/rudraksha/19-mukhi	NINETEEN (19) MUKHI RUDRAKSHA	(rudraksha mukhi guide)
COVERED	content	/one-1mukhi-rudraksha/	/knowledge/rudraksha/1-mukhi	One (1)Mukhi Rudraksha	(rudraksha mukhi guide)
COVERED	content	/online-rudraksha-recommendation/	/tools/recommendation	Online Rudraksha Recommendation	(static route exists)
COVERED	content	/opal-qualities/	/knowledge/gem-qualities/opal	Opal Qualities	(gem-qualities guide)
COVERED	content	/pendents/	/configure	ASTRO PENDENT DESIGNS	(static route exists)
COVERED	content	/privacy-policy/	/policies/privacy	Privacy policy	(static route exists)
COVERED	content	/rahu-shanti-yagya-beej-mantra-payment-page/	/vedic-yagyas/rahu-shanti-yagya-beej-mantra	Rahu Shanti Yagya (Beej Mantra) Payment page	(yagya payment/variant -> migrated yagya)
COVERED	content	/rahu-shanti-yagya-beej-mantra/	/vedic-yagyas/rahu-shanti-yagya-beej-mantra	Rahu Shanti Yagya beej mantra	(migrated yagya product)
COVERED	content	/rahu-shanti-yagya-payment-page/	/vedic-yagyas/rahu-shanti-yagya	Rahu Shanti Yagya Payment page	(yagya payment/variant -> migrated yagya)
COVERED	content	/rahu-shanti-yagya/	/vedic-yagyas/rahu-shanti-yagya	Rahu Shanti Yagya	(migrated yagya product)
COVERED	content	/red-coral-qualities/	/knowledge/gem-qualities/red-coral	Red Coral Qualities	(gem-qualities guide)
COVERED	content	/returns-policy/	/policies/returns	Return & Refund Policy	(static route exists)
COVERED	content	/rings-design/	/configure	ASTRO RINGS DESIGN	(static route exists)
COVERED	content	/ruby-qualities/	/knowledge/gem-qualities/ruby	Ruby Qualities	(gem-qualities guide)
COVERED	content	/rudraksha-designs/	/configure	RUDRAKSHA DESIGNS	(static route exists)
COVERED	content	/rudraksha-qualities/	/knowledge/rudraksha-qualities	Rudraksha Qualities	(static route exists)
COVERED	content	/seventeen-mukhi-rudraksha/	/knowledge/rudraksha/17-mukhi	Seventeen Mukhi Rudraksha	(rudraksha mukhi guide)
COVERED	content	/shani-shanti-yagya-2/	/vedic-yagyas/shani-shanti-yagya	Shani Shanti Yagya Payment Page	(yagya payment/variant -> migrated yagya)
COVERED	content	/shani-shanti-yagya-by-beej-mantra-payment-page/	/vedic-yagyas/shani-shanti-yagya-by-beej-mantra	Shani Shanti Yagya by Beej mantra Payment page	(yagya payment/variant -> migrated yagya)
COVERED	content	/shani-shanti-yagya-by-beej-mantra/	/vedic-yagyas/shani-shanti-yagya-by-beej-mantra	Shani Shanti Yagya by Beej Mantra	(migrated yagya product)
COVERED	content	/shani-shanti-yagya/	/vedic-yagyas/shani-shanti-yagya	Shani Shanti Yagya	(migrated yagya product)
COVERED	content	/shipping-policy/	/policies/shipping	Shipping Policy	(static route exists)
COVERED	content	/shukra-shanti-yagya-2/	/vedic-yagyas/shukra-shanti-yagya-2	Shukra Shanti Yagya	(migrated yagya product)
COVERED	content	/shukra-shanti-yagya-by-beej-mantra-payment-page/	/vedic-yagyas/shukra-shanti-yagya-by-beej-mantra	Shukra Shanti Yagya by Beej Mantra Payment page	(yagya payment/variant -> migrated yagya)
COVERED	content	/shukra-shanti-yagya-by-beej-mantra/	/vedic-yagyas/shukra-shanti-yagya-by-beej-mantra	Shukra Shanti Yagya by Beej Mantra	(migrated yagya product)
COVERED	content	/sixteen-mukhi-rudraksha/	/knowledge/rudraksha/16-mukhi	SIXTEEN MUKHI RUDRAKSHA	(rudraksha mukhi guide)
COVERED	content	/surya-shanti-yagya-by-beej-mantra-payment-page/	/vedic-yagyas/surya-shanti-yagya-by-beej-mantra	Surya Shanti Yagya by Beej Mantra Payment Page	(yagya payment/variant -> migrated yagya)
COVERED	content	/surya-shanti-yagya-by-beej-mantra/	/vedic-yagyas/surya-shanti-yagya-by-beej-mantra	Surya Shanti Yagya by Beej Mantra	(migrated yagya product)
COVERED	content	/surya-shanti-yagya-payment-page/	/vedic-yagyas/surya-shanti-yagya	Surya Shanti Yagya Payment Page	(yagya payment/variant -> migrated yagya)
COVERED	content	/surya-shanti-yagya/	/vedic-yagyas/surya-shanti-yagya	Surya Shanti Yagya	(migrated yagya product)
COVERED	content	/terms-and-conditions/	/policies/terms	Terms and Conditions	(static route exists)
COVERED	content	/testimonials/	/testimonials	Testimonials	(static route exists)
COVERED	content	/treatments-and-enhancements-gemstones/	/knowledge/treatments	Treatments	(static route exists)
COVERED	content	/twenty-20-mukhi-rudraksha/	/knowledge/rudraksha/20-mukhi	TWENTY (20) MUKHI RUDRAKSHA	(rudraksha mukhi guide)
COVERED	content	/twenty-one-mukhi-rudraksha/	/knowledge/rudraksha/21-mukhi	Twenty one Mukhi Rudraksha	(rudraksha mukhi guide)
COVERED	content	/two-2-mukhi-rudraksha/	/knowledge/rudraksha/2-mukhi	Two (2) Mukhi Rudraksha	(rudraksha mukhi guide)
COVERED	content	/vedic-guru-shanti-yagya/	/vedic-yagyas/vedic-guru-shanti-yagya	Vedic Guru Shanti Yagya	(migrated yagya product)
COVERED	content	/vedic-rudrabhishek-paymentpage/	/vedic-yagyas/vedic-rudrabhishek	Vedic Rudrabhishek paymentpage	(yagya payment/variant -> migrated yagya)
COVERED	content	/vedic-rudrabhishek/	/vedic-yagyas/vedic-rudrabhishek	Vedic Rudrabhishek	(migrated yagya product)
COVERED	content	/vedic-yagyas-service/	/vedic-yagyas-service	Vedic Pooja/Yagya Services	(static route exists)
COVERED	content	/video/	/videos	Video	(static route exists)
COVERED	content	/videos-testimonials/	/testimonials	Video's Testimonials	(static route exists)
COVERED	content	/welcome-to-pure-vedic-gems/	/	WELCOME TO PURE VEDIC GEMS	(static route exists)
COVERED	content	/white-sapphire-gemstone-qualities/	/knowledge/gem-qualities/white-sapphire	White Sapphire Qualities	(gem-qualities guide)
COVERED	content	/yellow-sapphire/	/knowledge/gem-qualities/yellow-sapphire	Yellow Sapphire Qualities	(gem-qualities guide)
COVERED	woo	/about-us/	/about	ABOUT US	(static route exists)
COVERED	woo	/about-vedic-astrology/	/knowledge/astrology	ABOUT VEDIC ASTROLOGY	(static route exists)
COVERED	woo	/cart/	/cart	Cart	(static route exists)
COVERED	woo	/checkout/	/checkout	Checkout	(static route exists)
COVERED	woo	/gems-recommendations/	/tools/recommendation	Gems-Recommendations	(static route exists)
COVERED	woo	/home/	/	Home	(static route exists)
COVERED	woo	/my-account/	/account	My Account	(static route exists)
COVERED	woo	/nine-vedic-gems/	/knowledge/gemstones	NINE VEDIC GEMS	(static route exists)
COVERED	woo	/return-refund-policy/	/policies/returns	Return & Refund Policy	(static route exists)
COVERED	woo	/rudrakshas/	/shop/rudraksha	Rudraksha	(static route exists)
COVERED	woo	/shop/	/shop	Shop	(static route exists)
COVERED	woo	/wishlist/	/account/saved	Wishlist	(static route exists)
NOT-MIGRATED	content	/astrological-blue-sapphire-gemstone-in-philippines/	-	Astrological Blue Sapphire Gemstone in Philippines	(geo-targeted SEO landing page (no equivalent built))
NOT-MIGRATED	content	/astrological-catseye-gemstone-in-switzerland/	-	Astrological Catseye Gemstone in Switzerland	(geo-targeted SEO landing page (no equivalent built))
NOT-MIGRATED	content	/astrological-emerald-gemstone-in-philippines/	-	Astrological Emerald Gemstone in Philippines	(geo-targeted SEO landing page (no equivalent built))
NOT-MIGRATED	content	/astrological-gemstone-recommendation-for-success-in-various-areas-of-life/	-	Astrological Gemstone Recommendation for Success in Various Areas of Life	(editorial/SEO content article not migrated (candidate for blog/knowledge))
NOT-MIGRATED	content	/astrological-hessonite-gemstone-in-philippines-benefits-healing-and-buying-guide/	-	Astrological Hessonite Gemstone in Philippines, Benefits, Healing, and Buying Guide	(geo-targeted SEO landing page (no equivalent built))
NOT-MIGRATED	content	/astrological-opal-gemstone-in-philippines/	-	Astrological Opal Gemstone in Philippines	(geo-targeted SEO landing page (no equivalent built))
NOT-MIGRATED	content	/astrological-pearls-gemstone-in-the-philippines/	-	Astrological Pearls Gemstone in the Philippines	(editorial/SEO content article not migrated (candidate for blog/knowledge))
NOT-MIGRATED	content	/astrological-ruby-gemstone-in-philippines/	-	Astrological Ruby Gemstone in Philippines	(geo-targeted SEO landing page (no equivalent built))
NOT-MIGRATED	content	/astrological-yellow-sapphire-gemstone-in-switzerland/	-	Astrological Yellow Sapphire Gemstone in Switzerland	(geo-targeted SEO landing page (no equivalent built))
NOT-MIGRATED	content	/authentic-yellow-sapphire-online-in-canada/	-	Authentic Yellow Sapphire online in Canada	(geo-targeted SEO landing page (no equivalent built))
NOT-MIGRATED	content	/authenticity-well-being-and-lunar-charm-of-pearl-gemstone-in-switzerland/	-	Authenticity, Well-being, and Lunar Charm of Pearl Gemstone in Switzerland	(geo-targeted SEO landing page (no equivalent built))
NOT-MIGRATED	content	/best-astrologer/	-	BEST ASTROLOGER	(editorial/SEO content article not migrated (candidate for blog/knowledge))
NOT-MIGRATED	content	/blue-sapphire-gemstone-a-complete-guide-for-people-in-australia/	-	Blue Sapphire Gemstone, A complete guide for people in Australia	(geo-targeted SEO landing page (no equivalent built))
NOT-MIGRATED	content	/blue-sapphire-gemstone-in-dubai-significance-strength-and-fortune/	-	Blue Sapphire Gemstone in Dubai Significance Strength and Fortune	(geo-targeted SEO landing page (no equivalent built))
NOT-MIGRATED	content	/blue-sapphire-gemstone-in-switzerland-a-gemstone-of-wisdom-grace-and-strength/	-	Blue sapphire gemstone in Switzerland A gemstone of Wisdom, Grace, and Strength	(geo-targeted SEO landing page (no equivalent built))
NOT-MIGRATED	content	/blue-sapphire-gemstone-in-usa/	-	Blue Sapphire Gemstone in USA	(geo-targeted SEO landing page (no equivalent built))
NOT-MIGRATED	content	/buy-100-authentic-blue-sapphire-online-in-london/	-	Buy 100% Authentic Blue Sapphire Online In London	(geo-targeted SEO landing page (no equivalent built))
NOT-MIGRATED	content	/buy-100-authentic-cats-eye-in-london/	-	Buy 100% Authentic Cat’s Eye in London	(geo-targeted SEO landing page (no equivalent built))
NOT-MIGRATED	content	/buy-100-authentic-cats-eye-online-in-uk/	-	Buy 100% authentic Cat’s Eye online in UK	(geo-targeted SEO landing page (no equivalent built))
NOT-MIGRATED	content	/buy-100-authentic-emerald-online-in-canada/	-	Buy 100% Authentic Emerald Online in Canada	(geo-targeted SEO landing page (no equivalent built))
NOT-MIGRATED	content	/buy-100-authentic-emerald-online-in-london/	-	Buy 100% Authentic Emerald Online In London	(geo-targeted SEO landing page (no equivalent built))
NOT-MIGRATED	content	/buy-100-authentic-emerald-online-in-uk/	-	Buy 100% Authentic Emerald Online in UK	(geo-targeted SEO landing page (no equivalent built))
NOT-MIGRATED	content	/buy-100-authentic-hessonite-online-in-canada/	-	Buy 100% Authentic Hessonite Online in Canada	(geo-targeted SEO landing page (no equivalent built))
NOT-MIGRATED	content	/buy-100-authentic-hessonite-online-in-london/	-	Buy 100% Authentic Hessonite Online In London	(geo-targeted SEO landing page (no equivalent built))
NOT-MIGRATED	content	/buy-100-authentic-hessonite-online-in-uk/	-	Buy 100% Authentic Hessonite Online in UK	(geo-targeted SEO landing page (no equivalent built))
NOT-MIGRATED	content	/buy-100-authentic-pearls-online-in-canada/	-	Buy 100% Authentic Pearls Online in Canada	(geo-targeted SEO landing page (no equivalent built))
NOT-MIGRATED	content	/buy-100-authentic-pearls-online-in-uk/	-	Buy 100% Authentic Pearls Online In UK	(geo-targeted SEO landing page (no equivalent built))
NOT-MIGRATED	content	/buy-100-authentic-red-coral-online-in-canada/	-	Buy 100% Authentic Red Coral Online In Canada	(geo-targeted SEO landing page (no equivalent built))
NOT-MIGRATED	content	/buy-100-authentic-red-coral-online-in-london/	-	Buy 100% Authentic Red Coral Online In London	(geo-targeted SEO landing page (no equivalent built))
NOT-MIGRATED	content	/buy-100-authentic-red-coral-online-in-uk/	-	Buy 100% Authentic Red Coral Online in UK	(geo-targeted SEO landing page (no equivalent built))
NOT-MIGRATED	content	/buy-100-authentic-ruby-gemstone-online-in-london/	-	Buy 100% Authentic Ruby Gemstone Online in London	(geo-targeted SEO landing page (no equivalent built))
NOT-MIGRATED	content	/buy-100-authentic-ruby-online-in-canada/	-	Buy 100% Authentic Ruby Online in Canada	(geo-targeted SEO landing page (no equivalent built))
NOT-MIGRATED	content	/buy-100-authentic-white-sapphire-in-canada/	-	Buy 100% Authentic White Sapphire In Canada	(geo-targeted SEO landing page (no equivalent built))
NOT-MIGRATED	content	/buy-100-authentic-white-sapphire-online-in-london/	-	Buy 100% Authentic White Sapphire Online In London	(geo-targeted SEO landing page (no equivalent built))
NOT-MIGRATED	content	/buy-100-authentic-white-sapphire-online-in-uk/	-	Buy 100% Authentic White Sapphire Online in UK	(geo-targeted SEO landing page (no equivalent built))
NOT-MIGRATED	content	/buy-100-authentic-yellow-sapphire-online-in-london/	-	Buy 100% Authentic Yellow Sapphire Online In London	(geo-targeted SEO landing page (no equivalent built))
NOT-MIGRATED	content	/buy-100-natural-pearls-online-in-london/	-	Buy 100% Natural Pearls Online In London	(geo-targeted SEO landing page (no equivalent built))
NOT-MIGRATED	content	/buy-authentic-blue-sapphire-online-in-canada/	-	Buy Authentic Blue Sapphire Online in Canada	(geo-targeted SEO landing page (no equivalent built))
NOT-MIGRATED	content	/buy-authentic-ruby-online-in-uk/	-	Buy Authentic Ruby Online in UK	(geo-targeted SEO landing page (no equivalent built))
NOT-MIGRATED	content	/buy-authentic-yellow-sapphire-online-in-uk/	-	Buy Authentic Yellow Sapphire Online In UK	(geo-targeted SEO landing page (no equivalent built))
NOT-MIGRATED	content	/cats-eye-gemstone-lehsunia-in-canada/	-	Cat’s Eye Gemstone (Lehsunia) in Canada	(geo-targeted SEO landing page (no equivalent built))
NOT-MIGRATED	content	/catseye-gemstone-complete-guide-for-people-in-australia/	-	Catseye Gemstone Complete Guide for People in Australia	(geo-targeted SEO landing page (no equivalent built))
NOT-MIGRATED	content	/diamond/	-	DIAMOND	(editorial/SEO content article not migrated (candidate for blog/knowledge))
NOT-MIGRATED	content	/discover-the-irresistible-and-incredible-magic-of-authentic-astrological-blue-sapphire-gemstone-in-uk/	-	Discover the irresistible and incredible magic of authentic astrological blue sapphire gemstone in UK	(geo-targeted SEO landing page (no equivalent built))
NOT-MIGRATED	content	/emerald-gemstone-guide-for-beginners-in-australia/	-	Emerald Gemstone Guide for Beginners in Australia	(geo-targeted SEO landing page (no equivalent built))
NOT-MIGRATED	content	/emerald-gemstone-panna-the-astrological-gem-of-mercury-and-its-profound-benefits/	-	Emerald Gemstone (Panna) The Astrological Gem of Mercury and Its Profound Benefits	(editorial/SEO content article not migrated (candidate for blog/knowledge))
NOT-MIGRATED	content	/harness-the-celestial-power-of-catseye-gemstone-in-the-usa/	-	Harness the Celestial Power of Catseye Gemstone in the USA	(geo-targeted SEO landing page (no equivalent built))
NOT-MIGRATED	content	/harness-the-celestial-power-of-white-sapphire-gemstone-in-the-usa/	-	Harness the Celestial Power of White Sapphire Gemstone in the USA	(geo-targeted SEO landing page (no equivalent built))
NOT-MIGRATED	content	/harness-the-celestial-power-of-yellow-sapphire-gemstone-in-the-usa/	-	Harness the Celestial Power of Yellow Sapphire Gemstone in the USA	(geo-targeted SEO landing page (no equivalent built))
NOT-MIGRATED	content	/health-benefits-of-yoga/	-	Health Benefits of Yoga	(editorial/SEO content article not migrated (candidate for blog/knowledge))
NOT-MIGRATED	content	/hessonite-gemstone-complete-and-simple-guide-for-people-in-australia/	-	Hessonite Gemstone Complete and Simple Guide for People in Australia	(geo-targeted SEO landing page (no equivalent built))
NOT-MIGRATED	content	/hessonite-gemstone-switzerlands-astrological-treasure/	-	Hessonite Gemstone Switzerland's Astrological Treasure	(editorial/SEO content article not migrated (candidate for blog/knowledge))
NOT-MIGRATED	content	/hessonite-in-the-usa-an-overview/	-	Hessonite in the USA - An Overview	(editorial/SEO content article not migrated (candidate for blog/knowledge))
NOT-MIGRATED	content	/opal-gemstone-complete-guide-for-people-in-australia/	-	Opal Gemstone Complete Guide for People in Australia	(geo-targeted SEO landing page (no equivalent built))
NOT-MIGRATED	content	/opal-gemstone-in-switzerland-a-gemstone-of-love-light-and-creative-energy/	-	Opal Gemstone in Switzerland A Gemstone of Love, Light, and Creative Energy	(geo-targeted SEO landing page (no equivalent built))
NOT-MIGRATED	content	/opal-upal-gemstone-venus-gemstone-ring/	-	Opal (Upal) Gemstone Venus Gemstone Ring	(editorial/SEO content article not migrated (candidate for blog/knowledge))
NOT-MIGRATED	content	/pearl-gemstone-complete-guide-for-people-in-australia/	-	Pearl Gemstone Complete Guide for People in Australia	(geo-targeted SEO landing page (no equivalent built))
NOT-MIGRATED	content	/pure-vedic-gems-vedic-sciences/	-	Pure Vedic Gems Vedic Sciences	(editorial/SEO content article not migrated (candidate for blog/knowledge))
NOT-MIGRATED	content	/pure-vedic-science/	-	Pure Vedic Science	(editorial/SEO content article not migrated (candidate for blog/knowledge))
NOT-MIGRATED	content	/pvg-rewards-points/	-	PVG REWARDS POINTS	(misc page not migrated)
NOT-MIGRATED	content	/red-coral-gemstone-in-the-philippines/	-	Red Coral Gemstone in the Philippines	(editorial/SEO content article not migrated (candidate for blog/knowledge))
NOT-MIGRATED	content	/red-coral-moonga-gemstone-of-mars/	-	Red Coral (Moonga) Gemstone of Mars	(editorial/SEO content article not migrated (candidate for blog/knowledge))
NOT-MIGRATED	content	/red-coral-stone-moonga-the-comprehensive-benefits-of-wearing-the-gem-of-mars/	-	Red Coral Stone (Moonga) – The Comprehensive Benefits of Wearing the Gem of Mars	(editorial/SEO content article not migrated (candidate for blog/knowledge))
NOT-MIGRATED	content	/ruby-gemstone-for-australian-gemstone-lovers/	-	Ruby Gemstone for Australian Gemstone Lovers	(editorial/SEO content article not migrated (candidate for blog/knowledge))
NOT-MIGRATED	content	/ruby-manikya-gemstone-wearing-solar-gemstone/	-	Ruby (Manikya) Gemstone Wearing Solar Gemstone	(editorial/SEO content article not migrated (candidate for blog/knowledge))
NOT-MIGRATED	content	/rudraksha-an-astrological-and-healing-bead-in-switzerland/	-	Rudraksha An Astrological and Healing Bead in Switzerland	(geo-targeted SEO landing page (no equivalent built))
NOT-MIGRATED	content	/rudraksha-complete-guide-for-people-in-australia/	-	Rudraksha Complete Guide for People in Australia	(geo-targeted SEO landing page (no equivalent built))
NOT-MIGRATED	content	/solar-brilliance-swiss-ruby-gemstones-certification-and-well-being/	-	Solar Brilliance, Swiss Ruby gemstones Certification, and Well-being	(geo-targeted SEO landing page (no equivalent built))
NOT-MIGRATED	content	/the-emerald-gemstone-panna-switzerlands-green-portal-to-wisdom-calm-and-expression/	-	The Emerald Gemstone (Panna) Switzerland’s Green Portal to Wisdom, Calm, and Expression	(editorial/SEO content article not migrated (candidate for blog/knowledge))
NOT-MIGRATED	content	/the-gemstone-of-ketu-protection-intuition-spiritual-power-in-dubai/	-	The Gemstone of Ketu Protection, Intuition & Spiritual Power in Dubai	(geo-targeted SEO landing page (no equivalent built))
NOT-MIGRATED	content	/unlocking-prosperity-and-wisdom-the-significance-of-the-yellow-sapphire-gemstone-in-dubai/	-	Unlocking Prosperity and Wisdom: The Significance of the Yellow Sapphire Gemstone in Dubai	(geo-targeted SEO landing page (no equivalent built))
NOT-MIGRATED	content	/unveiling-mystical-energy-signification-of-the-hessonite-gemstone-in-dubai/	-	Unveiling Mystical Energy Signification of the Hessonite Gemstone in Dubai	(geo-targeted SEO landing page (no equivalent built))
NOT-MIGRATED	content	/unveiling-the-mystical-connection-between-gemstones-rudrakshas-and-the-nine-forms-of-goddess-durga/	-	Unveiling the Mystical Connection Between Gemstones, Rudrakshas, and the Nine Forms of Goddess Durga	(geo-targeted SEO landing page (no equivalent built))
NOT-MIGRATED	content	/white-sapphire-gemstone-benefits-astrology-healing-and-complete-buying-guide-in-philippines/	-	White Sapphire Gemstone Benefits, Astrology, Healing, and Complete Buying Guide in Philippines	(geo-targeted SEO landing page (no equivalent built))
NOT-MIGRATED	content	/white-sapphire-gemstone-guide-for-beginners-in-australia/	-	White Sapphire Gemstone Guide for Beginners in Australia	(geo-targeted SEO landing page (no equivalent built))
NOT-MIGRATED	content	/why-wear-pearl-moon-gemstone-astrological-benefits-healing-and-prosperity/	-	Why Wear Pearl Moon Gemstone: Astrological Benefits, Healing and Prosperity	(editorial/SEO content article not migrated (candidate for blog/knowledge))
NOT-MIGRATED	content	/why-wear-white-sapphire-gemstone-venus-gemstone-astrological-benefits-healing-and-prosperity/	-	Why Wear White Sapphire Gemstone Venus Gemstone Astrological Benefits, Healing, and Prosperity	(editorial/SEO content article not migrated (candidate for blog/knowledge))
NOT-MIGRATED	content	/yellow-sapphire-gemstone-guide-in-australia/	-	Yellow Sapphire Gemstone Guide in Australia	(geo-targeted SEO landing page (no equivalent built))
NOT-MIGRATED	content	/yellow-sapphire-gemstone-in-the-philippines/	-	Yellow Sapphire Gemstone in the Philippines	(editorial/SEO content article not migrated (candidate for blog/knowledge))
NOT-MIGRATED	woo	/mantra-for-confidence-and-inner-strength/	-	Mantra For Confidence and Inner Strength	(editorial/SEO content article not migrated (candidate for blog/knowledge))
REDIRECT-NEEDED	content	/budha-shanti-yagya-by-beej-mantra-payment-page/	/vedic-yagyas-service	Budha Shanti Yagya by Beej Mantra Payment Page	(yagya/pooja page not individually migrated; point to yagya landing)
REDIRECT-NEEDED	content	/budha-shanti-yagya-payment-page/	/vedic-yagyas-service	Budha Shanti Yagya Payment Page	(yagya/pooja page not individually migrated; point to yagya landing)
REDIRECT-NEEDED	content	/chandra-shanti-yagya-by-beej-mantra-payment-page/	/vedic-yagyas-service	Chandra Shanti Yagya by Beej Mantra payment page	(yagya/pooja page not individually migrated; point to yagya landing)
REDIRECT-NEEDED	content	/durga-homam/	/vedic-yagyas-service	🔥Durga Homam🔥	(yagya/pooja page not individually migrated; point to yagya landing)
REDIRECT-NEEDED	content	/durga-saptshati-path-bhaint-prasad-offering-maa-kamakhya-temple-payment/	/vedic-yagyas-service	Durga Saptshati path with bhaint and Prasad offering at Maa Kamakhya Temple payment	(yagya/pooja page not individually migrated; point to yagya landing)
REDIRECT-NEEDED	content	/durga-saptshati-path-bhaint-prasad-offering-maa-kamakhya-temple/	/vedic-yagyas-service	Durga Saptshati path with bhaint and Prasad offering at Maa Kamakhya Temple	(yagya/pooja page not individually migrated; point to yagya landing)
REDIRECT-NEEDED	content	/durga-saptshati-path-bhaint-prasad-offering-maa-vaishno-devi-darbar-payment/	/vedic-yagyas-service	Durga Saptshati path with bhaint and Prasad offering at Maa Vaishno Devi Darbar Payment	(yagya/pooja page not individually migrated; point to yagya landing)
REDIRECT-NEEDED	content	/durga-saptshati-path-bhaint-prasad-offering-maa-vaishno-devi-darbar/	/vedic-yagyas-service	Durga Saptshati path with bhaint and Prasad offering at Maa Vaishno Devi Darbar	(yagya/pooja page not individually migrated; point to yagya landing)
REDIRECT-NEEDED	content	/durgasapshati-sankalpa-path-and-yagya/	/vedic-yagyas-service	Durgasapshati Sankalpa, Path and Yagya	(yagya/pooja page not individually migrated; point to yagya landing)
REDIRECT-NEEDED	content	/group-navratri-puja-21st-september-29th-september/	/vedic-yagyas-service	Group Navratri puja (21st September to 29th September)	(yagya/pooja page not individually migrated; point to yagya landing)
REDIRECT-NEEDED	content	/guru-shanti-yagya-payment-page/	/vedic-yagyas-service	Guru Shanti Yagya Payment Page	(yagya/pooja page not individually migrated; point to yagya landing)
REDIRECT-NEEDED	content	/ketu-shanti-yagya-by-beej-mantra-payment-page/	/vedic-yagyas-service	Ketu Shanti Yagya By Beej Mantra Payment page	(yagya/pooja page not individually migrated; point to yagya landing)
REDIRECT-NEEDED	content	/mahamrityunjay-yagya-pooja-payment-page-11000-jaap/	/vedic-yagyas-service	MahaMrityunjay Yagya/Pooja Payment page (11000 Jaap)	(yagya/pooja page not individually migrated; point to yagya landing)
REDIRECT-NEEDED	content	/mahamrityunjay-yagya-pooja-payment-page-31000-jaap/	/vedic-yagyas-service	MahaMrityunjay Yagya/Pooja Payment page (31000 Jaap)	(yagya/pooja page not individually migrated; point to yagya landing)
REDIRECT-NEEDED	content	/mahamrityunjay-yagya-pooja-payment-page-51000-jaap/	/vedic-yagyas-service	MahaMrityunjay Yagya/Pooja Payment page (51000 Jaap)	(yagya/pooja page not individually migrated; point to yagya landing)
REDIRECT-NEEDED	content	/mahamrityunjay-yagya-pooja-payment-page/	/vedic-yagyas-service	MahaMrityunjay Yagya/Pooja Payment page	(yagya/pooja page not individually migrated; point to yagya landing)
REDIRECT-NEEDED	content	/navratre-special-sankalpa/	/vedic-yagyas-service	Navratre Special Sankalpa	(yagya/pooja page not individually migrated; point to yagya landing)
REDIRECT-NEEDED	content	/shukra-shanti-yagya/	/vedic-yagyas-service	Shukra Shanti Yagya Payment page	(yagya/pooja page not individually migrated; point to yagya landing)
REDIRECT-NEEDED	content	/vedic-surya-shanti-yagya/	/vedic-yagyas-service	Vedic Surya Shanti Yagya	(yagya/pooja page not individually migrated; point to yagya landing)
REDIRECT-NEEDED	woo	/shukra-shanti-yagya/	/vedic-yagyas-service	Shukra Shanti Yagya	(yagya/pooja page not individually migrated; point to yagya landing)
SKIP	content	/certificate-banner/	-	Certificate Banner	(internal/thank-you/obsolete page)
SKIP	content	/data-base-integration-of-enquiry-with-downloadable-excel-file/	-	Data base Integration Of enquiry with downloadable excel file	(internal/thank-you/obsolete page)
SKIP	content	/gemstone-recommendation-old-form/	-	Gemstone Recommendation old form	(internal/thank-you/obsolete page)
SKIP	content	/sitemap/	-	Sitemap	(internal/thank-you/obsolete page)
SKIP	content	/telecaller-telesales-executive-pure-vedic-gems-pvt-ltd/	-	Telecaller/Telesales Executive - Pure Vedic Gems Pvt. Ltd.	(internal/thank-you/obsolete page)
SKIP	content	/thank-you-for-gems-recommendation/	-	thank you for gems recommendation	(internal/thank-you/obsolete page)
SKIP	content	/thank-you-pure-vedic-science-and-research-centre/	-	Thank You Pure Vedic Science and Research Centre	(internal/thank-you/obsolete page)
SKIP	content	/thank-you-pure-vedic-science/	-	Thank You Pure Vedic Science	(internal/thank-you/obsolete page)
SKIP	content	/thank-you/	-	Thank you	(internal/thank-you/obsolete page)
SKIP	content	/thankyou-for-enquirys/	-	Thank You for Enquiry	(internal/thank-you/obsolete page)
SKIP	woo	/thank-you-for-enquiry/	-	Thank You for Enquiry	(internal/thank-you/obsolete page)